"dada2_input"	"filtered"	"dada_f"	"dada_r"	"merged"	"nonchim"	"final_perc_reads_retained"
"10c.m1.S63"	197527	106972	106550	89734	83086	79865	40.4
"10c.m2.S69"	214067	107758	107574	83069	74087	70267	32.8
"10c.m3.S75"	208756	108079	107904	85867	77789	73903	35.4
"10c.o.S50"	150481	76114	74822	75159	68043	55178	36.7
"10c.u.S78"	96581	75058	75027	75052	74661	72867	75.4
"10k.m1.S47"	119298	77524	77505	77499	77118	76769	64.4
"10k.m2.S59"	137704	92382	92353	92350	91991	91431	66.4
"10k.m3.S71"	111849	74288	74257	74259	73876	73347	65.6
"10k.o.S62"	114486	65349	64855	65050	62597	57767	50.5
"10k.S24"	120675	85722	85641	85702	85144	84313	69.9
"10k.u.S8"	137678	85952	85855	85905	85146	83089	60.4
"11c.m1.S81"	130423	84361	84332	84352	82932	79881	61.2
"11c.m2.S87"	151691	101415	101369	101386	99324	88041	58
"11c.m3.S93"	108224	70245	70223	70232	69362	69008	63.8
"11c.o.S90"	110719	72238	71964	72149	70398	63239	57.1
"11c.S28"	125057	83788	83701	83720	82933	80144	64.1
"11c.u.S20"	143043	94818	94779	94797	93841	92507	64.7
"11c.u.S70"	146119	113319	113297	113297	111995	110641	75.7
"11k.m1.S75"	128077	96637	96571	96631	96048	95094	74.2
"11k.m2.S87"	98003	72879	72825	72876	72410	71797	73.3
"11k.m3.S83"	121183	83289	83259	83268	83044	82929	68.4
"11k.o.S29"	121121	82239	81723	82140	79878	77054	63.6
"11k.S30"	117403	79843	79794	79808	79289	77503	66
"11k.u.S32"	122104	76422	76310	76372	75073	68993	56.5
"12c.m1.S52"	194858	138643	138546	138581	135940	130457	66.9
"12c.m2.S58"	163277	118080	118017	118017	115644	107405	65.8
"12c.m3.S64"	133985	91211	90797	90812	89233	84931	63.4
"12c.o.S74"	87230	41680	41295	41521	39468	35409	40.6
"12c.o.S82"	149079	84258	83575	84023	79984	73562	49.3
"12c.u.S36"	146166	78507	78093	78106	76726	75483	51.6
"12k.m1.S95"	107930	69334	69313	69316	68866	67472	62.5
"12k.m2.S12"	155313	104660	104639	104655	104376	104110	67
"12k.m3.S24"	140112	94426	94414	94413	94112	93663	66.8
"12k.o.S1"	138446	85284	85223	85202	84534	82063	59.3
"12k.S36"	84690	62247	62217	62211	61825	61124	72.2
"12k.u.S48"	177738	90872	90495	90600	89561	87188	49.1
"13c.m1.S70"	205439	145431	145342	145352	142326	128353	62.5
"13c.m2.S76"	119290	63508	63499	63483	62066	57908	48.5
"13c.m3.S82"	175905	124914	124807	124873	122275	110921	63.1
"13c.o.S8"	124778	87513	87431	87478	85820	80722	64.7
"13c.u.S44"	136161	75000	72691	74157	65665	57541	42.3
"13k.m1.S72"	122129	73480	73452	73472	73137	70325	57.6
"13k.m2.S84"	121044	81209	81186	81201	80939	79676	65.8
"13k.m3.S96"	142314	95976	95934	95944	95421	94694	66.5
"13k.o.S44"	129558	90817	90762	90762	89997	86092	66.5
"13k.S40"	100992	72681	72638	72675	71930	69833	69.1
"13k.u.S60"	164031	84749	84323	84287	82240	80218	48.9
"14c.m1.S54"	141673	99575	99506	99530	98711	91865	64.8
"14c.m2.S60"	138106	102859	102825	102849	101367	91711	66.4
"14c.m3.S66"	125177	92909	92853	92883	92398	91849	73.4
"14c.o.S20"	115877	84586	84562	84582	84150	81647	70.5
"14c.S34"	115250	72432	72299	72340	71667	61763	53.6
"14c.u.S72"	140083	87404	87302	87339	86433	85317	60.9
"14k.m1.S36"	125016	77847	77820	77833	77116	71470	57.2
"14k.m2.S48"	137805	82383	82369	82376	81976	79323	57.6
"14k.m3.S60"	153295	104881	104860	104865	104586	104222	68
"14k.o.S25"	139988	85811	85659	85731	84701	81555	58.3
"14k.S3"	100266	67096	66956	67084	66708	65694	65.5
"14k.u.S13"	162811	86557	86523	86519	85573	83325	51.2
"15c.m1.S72"	126481	82009	81905	81992	81297	72759	57.5
"15c.m2.S78"	115290	84048	84008	84015	82121	73329	63.6
"15c.m3.S96"	136841	104410	104329	103648	101906	97536	71.3
"15c.o.S18"	148211	115546	115524	115529	114420	112847	76.1
"15c.S38"	124002	92019	91956	92009	91435	89601	72.3
"15k.m1.S49"	156252	110830	110339	110329	107545	96851	62
"15k.m2.S55"	146170	104219	104165	104163	101728	95033	65
"15k.m3.S61"	156852	111531	111503	111475	108909	95594	60.9
"15k.S9"	96753	60499	60422	60452	59669	55446	57.3
"15k.u.S84"	96808	51685	51580	51630	50785	48801	50.4
"16c.m1.S84"	129769	97382	97343	97374	97001	96556	74.4
"16c.m2.S90"	102658	74772	74745	74756	74518	74310	72.4
"16c.m3.S49"	91674	68338	68316	68334	68033	67829	74
"16c.o.S81"	133756	106521	106465	106501	103370	101886	76.2
"16c.S44"	103821	64944	64759	64898	64155	60121	57.9
"16k.m1.S67"	192053	133238	133200	133180	130058	124024	64.6
"16k.m2.S73"	163098	113454	113415	113411	110795	105245	64.5
"16k.m3.S79"	120606	83557	83528	83531	81438	74914	62.1
"16k.o.S3"	157367	87622	86983	87274	85231	81985	52.1
"17c.m1.S4"	138850	108701	108546	108675	106954	102005	73.5
"17c.m2.S16"	111173	86823	86730	86805	85370	81722	73.5
"17c.m3.S88"	190943	139307	139192	139246	137706	135364	70.9
"17c.o.S15"	108540	67544	67440	67508	66216	59946	55.2
"17c.o.S94"	90340	61094	61027	61080	60121	55666	61.6
"17c.S1"	157031	98227	98187	98194	97547	96127	61.2
"17c.u.S96"	169628	94639	94152	94431	92733	90562	53.4
"17k.m1.S85"	195756	129910	129872	129890	128956	123940	63.3
"17k.m2.S91"	167598	113404	113369	113393	112387	107927	64.4
"17k.m3.S50"	150068	108430	108389	108398	106934	105700	70.4
"17k.o.S27"	135885	85006	84975	84991	84307	78819	58
"17k.S15"	105384	65581	65456	65471	64595	60323	57.2
"17k.u.S60"	124655	89383	89362	89376	89089	87704	70.4
"18c.m1.S94"	164274	114632	114561	113665	111288	107119	65.2
"18c.m2.S53"	191129	136871	136811	136473	133906	132679	69.4
"18c.m3.S59"	139196	99951	99922	99883	98136	97658	70.2
"18c.o.S32"	118510	85440	85347	85428	84877	83153	70.2
"18k.m1.S56"	124843	90060	89530	89540	88067	86564	69.3
"18k.m2.S9"	127002	97542	97501	97497	96095	93218	73.4
"18k.m3.S62"	136299	98614	98570	98576	96357	91152	66.9
"18k.o.S39"	132695	78411	78322	78348	77519	72158	54.4
"18k.u.S56"	131554	84404	84383	84398	83535	82530	62.7
"19c.m1.S45"	131957	98435	98374	98404	92799	88798	67.3
"19c.m2.S55"	113338	82720	82669	82695	77788	74281	65.5
"19c.m3.S61"	122014	89570	89491	89545	83933	79173	64.9
"19c.o.S51"	158045	99116	98987	99052	93542	84263	53.3
"19c.S13"	139802	76742	76738	76713	76555	76315	54.6
"19c.u.S68"	114944	61942	60363	61244	55735	49841	43.4
"19k.m1.S21"	144920	109239	109165	109063	104758	102284	70.6
"19k.m2.S33"	151653	114980	114907	114940	110422	107965	71.2
"19k.m3.S68"	157528	108673	108637	108633	103432	103260	65.6
"19k.o.S63"	1056	99	98	98	90	85	8
"19k.S25"	95722	63504	63370	63425	63118	60373	63.1
"19k.u.S97"	173169	89026	88061	88669	85924	83524	48.2
"1c.m1.S83"	213282	115673	115596	92195	86847	84301	39.5
"1c.m2.S89"	247281	136438	136302	106290	99578	95812	38.7
"1c.m3.S95"	195510	102615	102525	84936	80352	78161	40
"1c.o.S82"	101961	57552	55843	56830	51422	46300	45.4
"1c.S43"	94063	55204	55159	55193	55065	53639	57
"1c.u.S31"	151152	94005	93806	93848	92578	87272	57.7
"1k.m1.S92"	100773	65550	65523	65545	65151	63572	63.1
"1k.m2.S9"	175975	113893	113866	113875	113362	112917	64.2
"1k.m3.S21"	116324	75603	75581	75591	75091	74155	63.7
"1k.o.S94"	126900	82547	82507	82535	82054	81017	63.8
"1k.S35"	121259	87985	87946	87971	87047	82342	67.9
"20c.m1.S65"	168421	118459	117999	117997	115992	113670	67.5
"20c.m2.S71"	220487	157048	157008	157014	154083	150193	68.1
"20c.m3.S77"	176677	123785	123756	123752	121411	119451	67.6
"20c.o.S75"	131447	69219	66390	67914	58647	48179	36.7
"20c.S25"	160179	74763	74653	74665	73171	69455	43.4
"20c.u.S93"	133425	103232	103179	103203	102062	100104	75
"20k.m1.S74"	123728	86395	86358	86375	85386	83948	67.8
"20k.m2.S80"	131984	93613	93561	93586	92422	91639	69.4
"20k.m3.S86"	164341	119547	119507	119529	118545	118310	72
"20k.o.S87"	138127	75116	74043	74449	67314	52384	37.9
"20k.S31"	130360	95806	95677	95781	95102	93540	71.8
"20k.u.S98"	96658	61137	60714	61075	60134	59330	61.4
"21c.m1.S91"	120533	91816	91773	91211	88986	86943	72.1
"21c.m2.S8"	126915	97429	97395	96835	94905	93566	73.7
"21c.m3.S17"	117264	77602	77588	77594	76210	75731	64.6
"21c.o.S19"	142530	100041	99756	99856	96941	91944	64.5
"21c.S37"	143832	86000	85996	85999	75234	74689	51.9
"21c.u.S7"	148325	114724	114660	114700	113850	111898	75.4
"21k.m1.S77"	130612	102330	102276	101272	100011	98437	75.4
"21k.m2.S89"	123414	95957	95911	94947	93884	92812	75.2
"21k.m3.S27"	113184	85388	85344	85367	84523	82818	73.2
"21k.o.S35"	128957	95663	95075	95396	93512	89640	69.5
"21k.o.S4"	142659	88707	87770	88225	85504	81036	56.8
"21k.S37"	107219	71520	71358	71034	70046	66144	61.7
"21k.u.S99"	113467	61753	61505	61593	60231	58086	51.2
"22c.m1.S55"	130088	87055	87035	87044	86632	85005	65.3
"22c.m2.S67"	101844	68047	68035	68039	67686	66250	65.1
"22c.m3.S79"	146703	101753	101735	101743	101478	101368	69.1
"22c.o.S31"	164053	102464	102198	102368	100862	95569	58.3
"22c.S49"	157483	90253	90204	90207	88808	82522	52.4
"22c.u.S19"	167495	104783	104494	104680	103238	98475	58.8
"22k.m1.S6"	137385	101650	101592	101635	93093	90795	66.1
"22k.m2.S18"	113928	86648	86608	86638	80296	78358	68.8
"22k.m3.S30"	154028	117229	117178	117212	108555	105508	68.5
"22k.o.S11"	155259	108477	107954	108265	100465	96181	61.9
"22k.o.S16"	120808	71355	70859	71113	65684	61379	50.8
"22k.S41"	55086	34488	34428	34450	33986	32200	58.5
"22k.u.S100"	118430	56755	56461	56692	55400	54734	46.2
"23c.m1.S29"	137453	85319	85279	85294	84662	81022	58.9
"23c.m2.S41"	104145	64089	64061	64081	63697	62546	60.1
"23c.m3.S53"	119629	80484	80476	80472	80268	80179	67
"23c.o.S43"	158723	91684	91485	91531	89821	85097	53.6
"23c.S61"	151736	98594	98583	98592	97981	97743	64.4
"23c.u.S101"	135295	88532	88384	88520	88017	86595	64
"23c.u.S64"	98721	75879	75777	75866	75367	73335	74.3
"23k.m1.S59"	142105	110445	110401	109267	108394	108225	76.2
"23k.m2.S15"	118447	88277	88253	87388	86373	86183	72.8
"23k.m2.S71"	110529	85109	85073	84204	83413	83253	75.3
"23k.m3.S5"	115831	93209	93178	93199	92802	92011	79.4
"23k.o.S35"	164114	91387	90635	91060	87675	78672	47.9
"23k.S4"	103585	72314	72275	72294	71775	70560	68.1
"23k.u.S80"	102520	48399	48143	48297	47443	46074	44.9
"24c.m1.S65"	97857	65323	65308	65320	65064	64831	66.3
"24c.m2.S77"	136900	93614	93602	93608	93289	92588	67.6
"24c.m3.S89"	104767	68984	68962	68977	68739	68172	65.1
"24c.S73"	127000	83867	83861	83866	83342	83103	65.4
"24k.m1.S27"	130981	81260	81114	80859	79543	77278	59
"24k.m2.S39"	113747	82117	82089	81390	80170	79892	70.2
"24k.m3.S51"	121332	90959	90925	90011	89223	88918	73.3
"24k.o.S47"	138280	82107	81395	81884	79547	76229	55.1
"24k.o.S471"	117616	54209	52669	53638	48971	40289	34.3
"24k.u.S92"	129895	69337	68312	69016	66219	63537	48.9
"25c.m1.S91"	109590	72586	72534	72555	71952	70626	64.4
"25c.m2.S51"	97147	72580	72520	72556	71587	69054	71.1
"25c.m3.S8"	111105	73784	73758	73768	73217	71450	64.3
"25c.o.S59"	163431	85579	85307	85523	84549	83355	51
"25c.S85"	124863	66586	66472	66571	65388	62540	50.1
"25k.m1.S83"	122868	94731	94704	94220	92260	89666	73
"25k.m2.S42"	127991	97645	97608	96968	94733	90293	70.5
"25k.m3.S54"	138127	107478	107452	106972	104271	96874	70.1
"25k.o.S28"	113018	70303	70140	70137	68491	63848	56.5
"25k.S10"	136614	88201	87982	88116	86963	80700	59.1
"25k.u.S9"	166375	106392	106171	106255	104334	99382	59.7
"26c.m1.S6"	102722	63539	63453	63518	59537	59396	57.8
"26c.m2.S18"	104268	64687	64590	64664	60769	60681	58.2
"26c.m3.S30"	133750	84705	84614	84679	79597	79415	59.4
"26c.o.S67"	154634	85584	85152	85407	83629	78902	51
"26c.S2"	93788	53743	53718	53707	53549	52361	55.8
"26c.u.S55"	165818	119500	119480	119468	118024	112999	68.1
"26k.m1.S63"	116719	86645	86603	85796	84754	84382	72.3
"26k.m2.S75"	134974	100625	100579	99627	98605	98218	72.8
"26k.m3.S87"	91564	67588	67564	66941	66157	65830	71.9
"26k.o.S40"	121468	66749	64750	65865	59625	52716	43.4
"26k.o.S71"	151261	95718	94056	95004	89608	83497	55.2
"26k.S16"	106858	75520	75431	75480	74783	70206	65.7
"26k.u.S21"	198225	130166	130062	130142	128756	125235	63.2
"26k.u.S59"	157946	123943	123881	123922	123065	120139	76.1
"27c.m1.S20"	113746	72907	72874	72884	71752	64950	57.1
"27c.m2.S32"	124766	84558	84538	84551	84175	83610	67
"27c.m3.S44"	120400	78490	78466	78482	78092	77760	64.6
"27c.o.S79"	153622	107961	107897	107939	106836	101619	66.1
"27c.S14"	136667	58266	58227	58261	57704	53788	39.4
"27k.m1.S4"	138097	86016	85958	57244	50409	47900	34.7
"27k.m2.S16"	139387	87740	87666	56977	49634	46710	33.5
"27k.m3.S3"	140631	94871	94732	75529	68147	65568	46.6
"27k.o.S52"	159809	90738	90439	90103	87378	81213	50.8
"27k.u.S102"	135438	85030	84857	84942	83786	82133	60.6
"28c.m1.S56"	118625	80230	80216	80218	80063	79977	67.4
"28c.m2.S68"	117894	79081	79069	79076	78857	78776	66.8
"28c.m3.S80"	110957	76215	76206	76212	76014	75923	68.4
"28c.o.S31"	147852	92928	90979	92194	85553	78023	52.8
"28c.S26"	150525	95374	95352	95351	94686	92898	61.7
"28c.u.S103"	118318	64157	64008	64054	63461	60686	51.3
"28k.m1.S81"	142222	110425	110380	109298	108341	107942	75.9
"28k.m2.S85"	124014	96357	96314	96345	95863	94981	76.6
"28k.m3.S2"	114720	90524	90481	90517	90006	88840	77.4
"28k.o.S64"	151306	82626	82082	82233	79920	73720	48.7
"28k.u.S104"	84830	47119	46922	47021	46462	45050	53.1
"29c.m1.S42"	86921	55569	55554	55548	55110	54981	63.3
"29c.m2.S76"	108403	86378	86361	86378	86031	85586	79
"29c.m3.S54"	102255	69014	69005	69009	68837	68786	67.3
"29c.S38"	120598	71814	71749	71789	70953	69889	58
"29c.u.S97"	182449	73875	73679	73826	73131	71310	39.1
"29k.m1.S66"	111681	86229	86194	86209	85338	83299	74.6
"29k.m2.S95"	90149	69695	69681	69685	69110	67387	74.8
"29k.m3.S78"	133168	103351	103323	103332	102431	99666	74.8
"29k.o.S76"	104456	60240	59945	60032	58285	53202	50.9
"29k.S20"	8414	5615	5609	5610	5589	5552	66
"29k.u.S33"	162128	102178	102052	102061	100458	94639	58.4
"2c.m1.S54"	161685	115751	115698	115730	113913	105646	65.3
"2c.m2.S60"	173656	122749	122710	122714	120844	113962	65.6
"2c.m3.S66"	149781	108027	107950	107971	106816	106640	71.2
"2c.o.S54"	117746	83186	83089	83174	82691	79896	67.9
"2k.m1.S33"	119072	76499	76458	76470	75624	72513	60.9
"2k.m2.S45"	148610	93610	93563	93590	92658	89948	60.5
"2k.m3.S57"	153345	101097	101074	101075	100744	99900	65.1
"2k.o.S61"	131602	78212	78177	78196	77918	77093	58.6
"2k.o.S73"	132826	81377	80994	81246	79388	73031	55
"2k.S39"	118977	74253	74101	74191	73194	69472	58.4
"2k.u.S43"	150811	90889	90859	90877	90221	87123	57.8
"30c.m1.S72"	120733	92631	92586	91684	90694	88962	73.7
"30c.m2.S69"	124540	93161	93144	93160	92802	92421	74.2
"30c.m3.S84"	112018	86480	86445	85496	84744	84465	75.4
"30c.o.S88"	112613	63135	62858	63028	61870	56802	50.4
"30c.S50"	122805	66076	65980	65982	65626	64392	52.4
"30c.u.S45"	192902	98633	98288	98524	96972	89600	46.4
"30k.m1.S28"	116761	85780	85741	85769	84410	83174	71.2
"30k.m2.S40"	127214	92013	91949	91989	90054	88509	69.6
"30k.m3.S52"	134290	99732	99688	99708	98122	96496	71.9
"30k.o.S5"	142139	77583	77004	77294	73926	65057	45.8
"30k.u.S98"	139378	53146	53003	53116	52499	48861	35.1
"31c.m1.S1"	157057	115205	115128	115140	111689	103584	66
"31c.m2.S13"	147786	110697	110631	110644	107970	102296	69.2
"31c.m3.S25"	155194	117972	117899	117920	115062	106936	68.9
"31c.S62"	143816	81748	81717	81723	81374	80879	56.2
"31c.u.S57"	194574	122114	122031	122083	120998	119894	61.6
"31k.m1.S64"	169385	125420	125339	125384	122777	115463	68.2
"31k.m2.S76"	135632	103440	103374	103412	101298	98883	72.9
"31k.m3.S88"	121339	91959	91911	91941	90088	88531	73
"31k.o.S17"	138372	83430	82569	82992	79929	72602	52.5
"31k.S26"	133563	99644	99626	99643	98982	98686	73.9
"31k.u.S99"	169173	66426	66132	66328	65242	63135	37.3
"32c.m1.S66"	122398	77848	77841	77843	77033	73431	60
"32c.m2.S78"	111892	76547	76541	76542	76345	76230	68.1
"32c.m3.S90"	98610	65202	65189	65191	64976	64708	65.6
"32c.o.S29"	133446	82001	81675	81821	79009	70244	52.6
"32c.S74"	126524	80064	80028	80058	79371	77491	61.2
"32c.u.S67"	122999	94103	94066	94024	93351	91188	74.1
"32k.m1.S93"	120346	83710	83678	83643	82228	78814	65.5
"32k.m2.S10"	161442	108777	108718	108717	107070	102741	63.6
"32k.m3.S22"	128784	89806	89773	89733	87647	83069	64.5
"32k.o.S83"	158926	98647	98055	98281	95091	92079	57.9
"32k.u.S100"	188609	75838	75417	75741	74418	71782	38.1
"33c.m1.S7"	124400	72451	72388	71917	68570	64919	52.2
"33c.m2.S19"	111908	66352	66322	66214	64450	61818	55.2
"33c.m3.S31"	105783	67480	67432	67140	63946	62701	59.3
"33c.o.S53"	148089	84150	83090	83551	78488	64405	43.5
"33c.S86"	129553	79337	79295	79316	78668	78212	60.4
"33c.u.S69"	161231	99417	99212	99331	98094	95538	59.3
"33k.m1.S34"	176679	116678	116548	116614	115216	105483	59.7
"33k.m2.S52"	67792	25051	25040	25045	24735	24240	35.8
"33k.m3.S14"	119513	81464	81332	81428	79779	74279	62.2
"33k.o.S12"	143146	94604	93187	94056	89657	81495	56.9
"33k.o.S65"	112661	61602	60079	60748	55758	46011	40.8
"33k.S32"	31145	22619	22606	22612	22381	22262	71.5
"33k.u.S81"	173824	115062	115008	115034	114467	114142	65.7
"33k.u.S95"	100507	77252	77239	77247	76842	76176	75.8
"34c.m1.S79"	81407	57813	57776	57775	56396	55940	68.7
"34c.m2.S85"	145406	99795	99443	99350	96257	90613	62.3
"34c.m3.S91"	107477	77355	77313	77340	75704	75613	70.4
"34c.o.S22"	118162	82628	82416	82550	79877	74267	62.9
"34c.S3"	112477	63920	63918	63918	63743	63042	56
"34c.u.S10"	189109	148053	148023	148039	147377	144566	76.4
"34k.m1.S5"	148106	105811	105660	105742	100892	91271	61.6
"34k.m2.S17"	180968	128546	128454	128495	122894	115829	64
"34k.m3.S29"	149898	115554	115103	115495	112574	98559	65.8
"34k.o.S56"	107828	73006	72832	72967	70775	69113	64.1
"34k.u.S93"	165614	95063	94033	94995	92780	86377	52.2
"35c.m1.S50"	121808	90110	89928	90092	89345	86580	71.1
"35c.m2.S56"	119661	89419	89400	89409	89013	88702	74.1
"35c.m3.S62"	148368	111785	111762	111775	111383	111168	74.9
"35c.o.S30"	114066	77077	76833	76928	75768	73509	64.4
"35c.u.S101"	136464	58936	58740	58835	57832	56674	41.5
"35k.m1.S26"	107863	85283	85240	85133	84110	77625	72
"35k.m2.S38"	109614	85312	85279	85279	84424	81191	74.1
"35k.m3.S50"	93575	74259	74233	74250	73822	72497	77.5
"35k.o.S84"	177444	128380	128137	128262	126583	121099	68.2
"35k.S42"	116289	85817	85797	85811	85152	84525	72.7
"35k.u.S72"	127347	92744	92683	92728	91922	88979	69.9
"36c.m1.S43"	111910	66026	66020	66020	65775	64789	57.9
"36c.m2.S20"	136742	97196	97161	96829	96101	92923	68
"36c.m3.S39"	129644	92772	92726	92764	92085	89912	69.4
"36c.o.S49"	137827	82359	82292	82335	81705	80041	58.1
"36c.u.S102"	166689	66251	65834	66089	64921	62487	37.5
"36k.m1.S74"	118592	89681	89602	89666	87186	85636	72.2
"36k.m2.S46"	136212	101745	101676	101736	99262	97616	71.7
"36k.m3.S58"	150803	115021	114929	114998	112974	110887	73.5
"36k.o.S77"	129163	72346	70282	71379	65052	47882	37.1
"36k.S5"	110709	74645	74583	74599	73976	72608	65.6
"36k.u.S10"	127260	79340	79255	79305	78812	75329	59.2
"36k.u.S24"	154152	112702	112652	112686	111810	107836	70
"37c.m1.S37"	209578	159519	159462	158128	155694	152563	72.8
"37c.m2.S49"	163250	126188	126151	124825	123503	122625	75.1
"37c.m3.S61"	163837	126270	126241	125024	123097	120365	73.5
"37c.o.S89"	166708	103952	103531	103756	100779	92188	55.3
"37c.S15"	116867	57923	57860	57916	54845	53046	45.4
"37c.u.S22"	140474	83713	83613	83653	82993	82007	58.4
"37k.m1.S70"	160953	101658	101523	101592	100539	95683	59.4
"37k.m2.S82"	168253	96569	96518	96553	96077	90950	54.1
"37k.m3.S86"	91587	70345	70272	70300	69300	66556	72.7
"37k.o.S6"	137796	75028	74655	74846	71482	57207	41.5
"37k.u.S68"	89459	65202	65072	65117	64245	61161	68.4
"38c.m1.S73"	134487	97301	97219	97263	95352	91451	68
"38c.m2.S85"	127155	95942	95858	95886	93617	91404	71.9
"38c.m3.S2"	136835	102851	102769	102789	100332	95536	69.8
"38c.S27"	115608	59510	59377	59491	56397	53201	46
"38c.u.S43"	144318	100391	100342	100327	99721	97762	67.7
"38k.m1.S94"	145111	78334	78243	78241	77599	72703	50.1
"38k.m2.S11"	148980	80609	80526	80501	79950	76100	51.1
"38k.m3.S62"	114994	62386	62224	62306	60434	53820	46.8
"38k.o.S18"	148786	78893	78212	78530	75329	69155	46.5
"38k.S11"	111843	81499	81413	81494	80720	78306	70
"38k.u.S37"	177115	104623	104559	104572	103822	101286	57.2
"39c.m1.S36"	120900	92622	92587	91784	90487	87702	72.5
"39c.m2.S40"	136318	106609	106576	106596	105831	101783	74.7
"39c.m3.S68"	134023	100093	100031	100058	99487	98734	73.7
"39c.o.S30"	143338	83225	82807	83043	81264	75440	52.6
"39c.S39"	74861	31884	31880	31791	31665	31553	42.1
"39c.u.S34"	112781	74955	74924	74940	74611	73081	64.8
"39k.m1.S90"	101108	77845	77815	77582	76566	74867	74
"39k.m2.S7"	148464	113116	113076	112663	111344	110049	74.1
"39k.m3.S15"	108895	82788	82763	82757	81585	80362	73.8
"39k.o.S36"	133885	91906	91192	91582	88470	79535	59.4
"39k.o.S42"	117179	62958	62221	62543	58658	48304	41.2
"39k.S17"	133126	84432	84372	84410	84174	80760	60.7
"39k.u.S80"	130663	94130	94053	94118	93162	87031	66.6
"3c.m1.S57"	135812	105550	105506	104436	103513	103081	75.9
"3c.m2.S69"	139776	107743	107684	106676	105589	105088	75.2
"3c.m3.S28"	93666	70950	70926	70937	70597	70124	74.9
"3c.o.S85"	135754	74355	73831	74229	71313	61924	45.6
"3c.S6"	124856	80273	80182	80244	79687	75444	60.4
"3c.u.S33"	147133	114311	113625	113932	111835	109288	74.3
"3k.m1.S69"	117778	66528	66523	66521	65303	62230	52.8
"3k.m2.S81"	136977	86927	86883	86881	85287	79486	58
"3k.m3.S93"	133322	83784	83748	83720	81880	77148	57.9
"3k.o.S2"	118004	73643	73595	73599	70443	67776	57.4
"3k.u.S83"	139493	79644	79404	79389	78005	76297	54.7
"40c.m1.S75"	133110	98208	98162	98195	97267	93795	70.5
"40c.m2.S81"	130102	93769	93736	93754	93086	89585	68.9
"40c.m3.S87"	152285	114913	114868	114908	114327	112668	74
"40c.S51"	107768	67047	67018	67033	66498	65700	61
"40c.u.S103"	157634	67652	67399	67503	66388	65668	41.7
"40k.m1.S23"	139085	97311	97220	97265	95547	87025	62.6
"40k.m2.S35"	156858	117571	117475	117297	113130	102216	65.2
"40k.m3.S47"	118274	89534	89506	89502	87120	77310	65.4
"40k.o.S92"	102044	67010	66793	66883	65590	61003	59.8
"40k.S21"	103469	65125	64988	65070	64368	60558	58.5
"40k.u.S46"	119977	70355	69954	70195	68350	66517	55.4
"41c.m1.S1"	148180	116327	116296	116307	114857	105250	71
"41c.m2.S14"	126752	97427	97394	96389	95509	95084	75
"41c.m3.S26"	140807	108620	108585	107489	106397	104917	74.5
"41c.o.S54"	160666	92452	92310	92402	90587	80399	50
"41c.S63"	95868	53503	53494	53488	53295	52911	55.2
"41c.u.S55"	115252	85578	85427	85507	84283	82411	71.5
"41k.m1.S41"	146020	110448	110375	110425	107989	104011	71.2
"41k.m2.S53"	162918	126300	126210	126261	124380	122583	75.2
"41k.m3.S65"	170966	130741	130667	130694	128003	121922	71.3
"41k.o.S71"	125756	67532	66776	67171	64119	59110	47
"41k.S27"	125124	93400	93389	93394	92816	92496	73.9
"41k.u.S23"	156500	96577	96509	96566	94489	90264	57.7
"41k.u.S58"	153689	82366	81701	82346	80481	73307	47.7
"42c.m1.S93"	97394	69632	69604	69628	69421	68287	70.1
"42c.m2.S52"	125545	93581	93550	93578	93198	92479	73.7
"42c.m3.S58"	109480	82011	81977	82007	81676	81497	74.4
"42c.o.S42"	143543	92149	91757	91975	89822	82935	57.8
"42c.u.S34"	135767	96028	95974	96019	95122	91275	67.2
"42k.S33"	119483	82673	82526	82631	81215	75845	63.5
"43c.m1.S64"	169683	117198	117162	116873	116282	111908	66
"43c.m2.S70"	141039	96321	96302	96309	95966	94191	66.8
"43c.m3.S88"	95238	74331	74259	74305	72668	67332	70.7
"44c.m1.S38"	124764	80166	80141	79648	79094	76107	61
"44c.m2.S50"	156965	105235	105195	102185	100908	96825	61.7
"44c.m3.S13"	145000	94075	93853	78489	72376	64316	44.4
"44c.o.S66"	129145	76042	75855	75932	74305	65395	50.6
"44c.S75"	144523	95203	95201	95190	94489	93461	64.7
"45c.m1.S76"	143708	84718	84641	84696	80650	79499	55.3
"45c.m2.S82"	125176	76200	76111	76180	71641	69835	55.8
"45c.m3.S88"	142873	90080	89924	90047	85576	81134	56.8
"45c.o.S79"	132230	83641	82990	83442	80010	74248	56.2
"45c.S87"	111851	67784	67782	67780	67413	67185	60.1
"45c.u.S70"	108780	64729	64546	64644	64242	63437	58.3
"46c.m1.S74"	95151	71058	71020	71048	70445	68899	72.4
"46c.m2.S80"	115232	85651	85624	85635	84938	83591	72.5
"46c.m3.S86"	147283	111132	111103	111123	110568	109444	74.3
"46c.o.S9"	136865	97897	97644	97830	95601	86311	63.1
"46c.S4"	154060	93824	93778	93812	92982	92133	59.8
"46c.u.S91"	101100	76817	76797	76804	76205	74425	73.6
"47c.m1.S94"	121963	88168	88101	88158	83938	83185	68.2
"47c.m2.S53"	131130	97360	97326	97355	92494	91862	70.1
"47c.m3.S59"	123032	92156	92132	92151	87439	86881	70.6
"47c.o.S78"	121606	66652	65280	66014	61365	54916	45.2
"47c.S16"	152579	65547	65492	65530	65180	63631	41.7
"47c.u.S104"	127869	53352	52935	53183	51753	47883	37.4
"48c.m1.S48"	153449	105461	105266	104692	102741	100484	65.5
"48c.m2.S92"	118235	86977	86916	86944	86493	85909	72.7
"48c.m3.S51"	135037	100788	100757	100772	100230	99675	73.8
"48c.o.S90"	144037	76054	72715	74533	64066	51748	35.9
"48c.S28"	105410	62982	62977	62972	62474	62136	58.9
"48c.u.S97"	101813	30558	30405	30491	29759	29376	28.9
"49c.m1.S65"	135648	102161	102141	102156	92594	91671	67.6
"49c.m2.S71"	145036	108125	108102	108124	97803	96808	66.7
"49c.m3.S77"	119182	90021	90008	90019	81693	81065	68
"49c.o.S7"	134028	75308	72132	73801	63743	52564	39.2
"49c.S40"	136671	84654	84651	84650	83879	83442	61.1
"49c.u.S98"	92672	32788	32565	32661	31702	30861	33.3
"4c.m1.S24"	170044	131160	131111	129723	128415	128072	75.3
"4c.m2.S67"	112816	84288	84268	84281	83896	83722	74.2
"4c.m3.S73"	85735	64369	64344	64358	64107	63982	74.6
"4c.o.S57"	148367	89512	88548	89214	83885	76013	51.2
"4c.u.S45"	166208	128814	128759	128800	128061	125498	75.5
"4k.m1.S46"	124711	78990	78967	77591	76505	75703	60.7
"4k.m2.S58"	147523	98615	98587	98603	98221	97723	66.2
"4k.m3.S70"	118216	78302	78280	78296	77908	77483	65.5
"4k.o.S11"	143212	79780	78341	78780	72438	63297	44.2
"4k.S2"	95081	62141	61879	62047	61368	58916	62
"4k.u.S96"	136693	100153	100081	100133	99316	97909	71.6
"50c.m1.S25"	141191	111379	111329	111362	110759	109833	77.8
"50c.m2.S62"	118191	90917	90877	89887	88983	88650	75
"50c.m3.S74"	149851	115821	115778	114584	113531	113048	75.4
"50c.o.S19"	128936	71667	70659	71085	67013	55007	42.7
"50c.S52"	120332	68841	68751	68805	68414	65325	54.3
"50c.u.S65"	97057	76836	76827	76829	73196	71725	73.9
"51c.m1.S57"	129043	79245	79096	54666	46953	43831	34
"51c.m2.S60"	139656	87349	87199	57443	49802	47647	34.1
"51c.m3.S63"	146298	95357	95194	69520	62416	56767	38.8
"51c.o.S77"	151732	110304	110240	110283	109888	108404	71.4
"51c.S64"	138419	68102	67815	66877	65322	64017	46.2
"51c.u.S21"	132211	93378	93278	92936	92132	88262	66.8
"52c.m1.S86"	114366	87969	87938	86953	86195	85973	75.2
"52c.m2.S37"	144288	111885	111846	111876	111271	110483	76.6
"52c.m3.S3"	127163	93756	93721	92843	91788	91523	72
"52c.o.S53"	130450	87622	87433	87574	86591	84342	64.7
"52c.S76"	129890	73554	73529	73521	73046	71764	55.2
"52c.u.S41"	106897	84195	84185	84187	83793	82787	77.4
"53c.m1.S49"	95070	73265	73240	73251	72803	71503	75.2
"53c.m2.S61"	101175	76518	76505	76514	76090	75202	74.3
"53c.m3.S73"	134160	106237	106205	106202	105685	104915	78.2
"53c.o.S89"	142226	87820	87096	87521	84604	80388	56.5
"53c.S88"	131719	69274	69254	69267	68905	68056	51.7
"53c.u.S96"	117827	46474	46142	46319	44754	42968	36.5
"54c.m1.S83"	132811	99107	99074	99088	94146	93011	70
"54c.m2.S89"	135672	102208	102179	102199	97509	96764	71.3
"54c.m3.S95"	118633	88630	88600	88613	84338	83490	70.4
"54c.o.S58"	144332	90473	89416	90136	85586	79976	55.4
"54c.S5"	121830	69384	69342	69348	69012	64493	52.9
"54c.u.S46"	155388	119938	119892	119930	115404	108876	70.1
"5k.m1.S63"	125226	92044	91993	92018	89808	85188	68
"5k.m2.S32"	124381	95434	95363	94815	92904	86673	69.7
"5k.m2.S82"	141158	94058	93999	94044	92764	89036	63.1
"5k.m3.S17"	106388	83416	83367	83386	81883	80237	75.4
"5k.o.S23"	158345	82820	80749	81964	74875	66138	41.8
"5k.S8"	101521	66391	66355	66362	66132	63896	62.9
"5k.u.S55"	1409	169	168	169	161	154	10.9
"6k.m1.S94"	128359	62451	62378	62443	61850	60826	47.4
"6k.m2.S11"	127571	61201	61095	61186	60547	59554	46.7
"6k.m3.S44"	121059	77814	77699	77785	76088	72775	60.1
"6k.o.S12"	143537	92791	92745	92768	91497	88717	61.8
"6k.u.S95"	121782	72452	72130	72302	70203	68989	56.6
"7c.m1.S72"	173410	118786	118715	118732	115679	110707	63.8
"7c.m2.S78"	166128	115389	115335	115342	112659	108381	65.2
"7c.m3.S84"	125135	86921	86896	86894	84735	79894	63.8
"7c.o.S14"	114762	63116	61664	62465	58031	48635	42.4
"7c.S12"	145362	106780	106692	106769	105662	104779	72.1
"7c.u.S69"	121315	94312	94301	94305	93776	92156	76
"7k.m1.S10"	139076	88749	88650	88642	84722	81539	58.6
"7k.m2.S22"	146832	94197	94081	94118	89436	85237	58.1
"7k.m3.S34"	152796	98567	98438	98499	93188	85020	55.6
"7k.o.S26"	117659	65819	65394	65575	63432	56758	48.2
"7k.u.S67"	120519	64024	63364	63680	60848	58971	48.9
"8c.m1.S90"	150853	96014	95956	95959	94954	92469	61.3
"8c.m2.S96"	124689	73929	73838	73858	72856	69238	55.5
"8c.m3.S48"	145246	88432	88288	88348	87236	82144	56.6
"8c.o.S6"	122267	92477	92349	92361	91553	89911	73.5
"8c.S18"	124190	91461	91377	91451	90022	85453	68.8
"8c.u.S79"	96952	54258	53980	54026	52506	51280	52.9
"8k.m1.S68"	127351	98463	98426	97877	96915	95957	75.3
"8k.m2.S80"	144576	111883	111837	111207	110218	109245	75.6
"8k.m3.S92"	91120	70269	70249	69822	69104	68500	75.2
"8k.o.S38"	146314	82710	82314	82524	80033	75894	51.9
"8k.S14"	116412	75947	75821	75848	74735	65520	56.3
"8k.u.S91"	125130	77212	76980	77135	74904	65694	52.5
"9c.m1.S92"	127916	86340	86267	85391	84033	78133	61.1
"9c.m2.S51"	138844	91018	90975	90764	89111	85572	61.6
"9c.m3.S57"	140830	93270	93247	93262	91988	91603	65
"9c.o.S66"	102081	69650	69427	69559	68506	65730	64.4
"9c.S22"	101621	73552	73505	73529	72832	71136	70
"9c.u.S12"	139553	77405	77129	77025	75729	73256	52.5
"9k.m1.S23"	109227	66498	66459	65253	63540	63021	57.7
"9k.m2.S56"	124167	93639	93608	92842	91065	87325	70.3
"9k.m3.S35"	122050	76463	76417	75058	73087	72705	59.6
"9k.o.S48"	149952	97757	97342	97516	95719	90612	60.4
"9k.S97"	145726	84965	84949	84960	84325	82662	56.7
"9k.u.S24"	135257	76928	76657	76632	75676	65993	48.8
