"patient"	"disease"	"abx_purpose"
"1"	10	"T1D"	"No_Abx"
"2"	10	"Control"	"No_Abx"
"3"	11	"T1D"	"No_Abx"
"4"	11	"Control"	"No_Abx"
"5"	12	"T1D"	"csec_prophylaxis"
"6"	12	"Control"	"No_Abx"
"7"	13	"T1D"	"csec_prophylaxis"
"8"	13	"Control"	"csec_prophylaxis"
"9"	14	"T1D"	"No_Abx"
"10"	14	"Control"	"PPROM"
"11"	15	"T1D"	"csec_prophylaxis+GBS"
"12"	15	"Control"	"GBS"
"13"	16	"T1D"	"No_Abx"
"14"	16	"Control"	"No_Abx"
"15"	17	"T1D"	"csec_prophylaxis"
"16"	17	"Control"	"No_Abx"
"17"	18	"T1D"	"csec_prophylaxis"
"18"	18	"Control"	"No_Abx"
"19"	19	"T1D"	"GBS"
"20"	19	"Control"	"No_Abx"
"21"	1	"T1D"	"No_Abx"
"22"	1	"Control"	"No_Abx"
"23"	20	"T1D"	"No_Abx"
"24"	20	"Control"	"csec_prophylaxis+PPROM"
"25"	21	"T1D"	"csec_prophylaxis"
"26"	21	"Control"	"No_Abx"
"27"	22	"T1D"	"PPROM"
"28"	22	"Control"	"No_Abx"
"29"	23	"T1D"	"csec_prophylaxis"
"30"	23	"Control"	"csec_prophylaxis"
"31"	24	"T1D"	"csec_prophylaxis"
"32"	24	"Control"	"csec_prophylaxis"
"33"	25	"T1D"	"PPROM"
"34"	25	"Control"	"No_Abx"
"35"	26	"T1D"	"csec_prophylaxis"
"36"	26	"Control"	"csec_prophylaxis"
"37"	27	"T1D"	"csec_prophylaxis"
"38"	27	"Control"	"csec_prophylaxis"
"39"	28	"T1D"	"No_Abx"
"40"	28	"Control"	"No_Abx"
"41"	29	"T1D"	"csec_prophylaxis"
"42"	29	"Control"	"PPROM"
"43"	2	"Control"	"No_Abx"
"44"	30	"T1D"	"No_Abx"
"45"	30	"Control"	"No_Abx"
"46"	31	"T1D"	"csec_prophylaxis"
"47"	31	"Control"	"csec_prophylaxis"
"48"	32	"T1D"	"csec_prophylaxis"
"49"	32	"Control"	"csec_prophylaxis+GBS"
"50"	33	"T1D"	"csec_prophylaxis"
"51"	33	"Control"	"csec_prophylaxis"
"52"	34	"T1D"	"csec_prophylaxis"
"53"	34	"Control"	"csec_prophylaxis"
"54"	35	"T1D"	"GBS"
"55"	35	"Control"	"csec_prophylaxis+GBS"
"56"	35	"Control"	"csec_prophylaxis"
"57"	36	"T1D"	"No_Abx"
"58"	36	"Control"	"GBS"
"59"	37	"T1D"	"No_Abx"
"60"	37	"Control"	"GBS"
"61"	38	"T1D"	"csec_prophylaxis"
"62"	38	"Control"	"GBS"
"63"	39	"T1D"	"csec_prophylaxis"
"64"	39	"Control"	"No_Abx"
"65"	3	"T1D"	"No_Abx"
"66"	3	"Control"	"csec_prophylaxis"
"67"	40	"T1D"	"csec_prophylaxis"
"68"	40	"Control"	"No_Abx"
"69"	41	"T1D"	"csec_prophylaxis"
"70"	41	"Control"	"No_Abx"
"71"	42	"T1D"	"csec_prophylaxis"
"72"	42	"Control"	"No_Abx"
"73"	43	"T1D"	"csec_prophylaxis"
"74"	44	"T1D"	"csec_prophylaxis"
"75"	45	"T1D"	"csec_prophylaxis"
"76"	46	"T1D"	"No_Abx"
"77"	47	"T1D"	"csec_prophylaxis"
"78"	48	"T1D"	"csec_prophylaxis"
"79"	49	"T1D"	"csec_prophylaxis"
"80"	4	"Control"	"No_Abx"
"81"	50	"T1D"	"No_Abx"
"82"	51	"T1D"	"GBS"
"83"	52	"T1D"	"No_Abx"
"84"	53	"T1D"	"No_Abx"
"85"	54	"T1D"	"GBS"
"86"	5	"Control"	"PPROM"
"87"	6	"Control"	"No_Abx"
"88"	7	"T1D"	"csec_prophylaxis"
"89"	7	"Control"	"PPROM"
"90"	8	"T1D"	"csec_prophylaxis"
"91"	8	"Control"	"No_Abx"
"92"	9	"T1D"	"No_Abx"
"93"	9	"Control"	"No_Abx"
