"patient"	"disease"	"Delivery"
"1"	10	"T1D"	"Vaginal"
"2"	10	"Control"	"Csection"
"3"	11	"T1D"	"Vaginal"
"4"	11	"Control"	"Vaginal"
"5"	12	"T1D"	"Csection"
"6"	12	"Control"	"Csection"
"7"	13	"T1D"	"Csection"
"8"	13	"Control"	"Csection"
"9"	14	"T1D"	"Vaginal"
"10"	14	"Control"	"Vaginal"
"11"	15	"T1D"	"Csection"
"12"	15	"Control"	"Csection"
"13"	16	"T1D"	"Csection"
"14"	17	"T1D"	"Csection"
"15"	17	"Control"	"Vaginal"
"16"	18	"Control"	"Vaginal"
"17"	19	"T1D"	"Vaginal"
"18"	19	"Control"	"Vaginal"
"19"	1	"T1D"	"Vaginal"
"20"	1	"Control"	"Csection"
"21"	20	"T1D"	"Vaginal"
"22"	20	"Control"	"Csection"
"23"	21	"T1D"	"Csection"
"24"	21	"Control"	"Vaginal"
"25"	22	"T1D"	"Vaginal"
"26"	22	"Control"	"Vaginal"
"27"	23	"T1D"	"Csection"
"28"	23	"Control"	"Csection"
"29"	24	"T1D"	"Csection"
"30"	24	"Control"	"Csection"
"31"	25	"T1D"	"Vaginal"
"32"	25	"Control"	"Vaginal"
"33"	26	"T1D"	"Csection"
"34"	26	"Control"	"Csection"
"35"	27	"T1D"	"Csection"
"36"	27	"Control"	"Csection"
"37"	28	"T1D"	"Csection"
"38"	28	"Control"	"Vaginal"
"39"	29	"T1D"	"Csection"
"40"	29	"Control"	"Vaginal"
"41"	2	"Control"	"Vaginal"
"42"	30	"T1D"	"Vaginal"
"43"	30	"Control"	"Vaginal"
"44"	31	"T1D"	"Csection"
"45"	31	"Control"	"Csection"
"46"	32	"T1D"	"Csection"
"47"	32	"Control"	"Csection"
"48"	33	"T1D"	"Csection"
"49"	33	"Control"	"Csection"
"50"	34	"T1D"	"Csection"
"51"	34	"Control"	"Csection"
"52"	35	"T1D"	"Csection"
"53"	35	"Control"	"Csection"
"54"	36	"T1D"	"Csection"
"55"	36	"Control"	"Vaginal"
"56"	37	"T1D"	"Vaginal"
"57"	37	"Control"	"Csection"
"58"	38	"T1D"	"Csection"
"59"	38	"Control"	"Vaginal"
"60"	39	"T1D"	"Csection"
"61"	39	"Control"	"Vaginal"
"62"	3	"T1D"	"Vaginal"
"63"	3	"Control"	"Csection"
"64"	40	"T1D"	"Csection"
"65"	40	"Control"	"Vaginal"
"66"	41	"T1D"	"Csection"
"67"	41	"Control"	"Csection"
"68"	42	"T1D"	"Csection"
"69"	42	"Control"	"Vaginal"
"70"	44	"T1D"	"Csection"
"71"	45	"T1D"	"Csection"
"72"	46	"T1D"	"Vaginal"
"73"	47	"T1D"	"Csection"
"74"	48	"T1D"	"Csection"
"75"	49	"T1D"	"Csection"
"76"	4	"Control"	"Vaginal"
"77"	50	"T1D"	"Vaginal"
"78"	51	"T1D"	"Vaginal"
"79"	52	"T1D"	"Vaginal"
"80"	53	"T1D"	"Vaginal"
"81"	54	"T1D"	"Vaginal"
"82"	5	"Control"	"Vaginal"
"83"	6	"Control"	"Csection"
"84"	7	"T1D"	"Csection"
"85"	7	"Control"	"Vaginal"
"86"	8	"T1D"	"Csection"
"87"	8	"Control"	"Vaginal"
"88"	9	"T1D"	"Csection"
"89"	9	"Control"	"Csection"
