"patient"	"disease"	"Antibiotics_2"
"1"	10	"T1D"	"No_Abx"
"2"	10	"Control"	"No_Abx"
"3"	11	"T1D"	"No_Abx"
"4"	11	"Control"	"No_Abx"
"5"	12	"T1D"	"Abx"
"6"	12	"Control"	"No_Abx"
"7"	13	"T1D"	"Abx"
"8"	13	"Control"	"Abx"
"9"	14	"T1D"	"No_Abx"
"10"	14	"Control"	"Abx"
"11"	15	"T1D"	"Abx"
"12"	15	"Control"	"Abx"
"13"	16	"T1D"	"No_Abx"
"14"	16	"Control"	"No_Abx"
"15"	17	"T1D"	"Abx"
"16"	17	"Control"	"No_Abx"
"17"	18	"T1D"	"Abx"
"18"	18	"Control"	"No_Abx"
"19"	19	"T1D"	"Abx"
"20"	19	"Control"	"No_Abx"
"21"	1	"T1D"	"No_Abx"
"22"	1	"Control"	"No_Abx"
"23"	20	"T1D"	"No_Abx"
"24"	20	"Control"	"Abx"
"25"	21	"T1D"	"Abx"
"26"	21	"Control"	"No_Abx"
"27"	22	"T1D"	"Abx"
"28"	22	"Control"	"No_Abx"
"29"	23	"T1D"	"Abx"
"30"	23	"Control"	"Abx"
"31"	24	"T1D"	"Abx"
"32"	24	"Control"	"Abx"
"33"	25	"T1D"	"Abx"
"34"	25	"Control"	"No_Abx"
"35"	26	"T1D"	"Abx"
"36"	26	"Control"	"Abx"
"37"	27	"T1D"	"Abx"
"38"	27	"Control"	"Abx"
"39"	28	"T1D"	"No_Abx"
"40"	28	"Control"	"No_Abx"
"41"	29	"T1D"	"Abx"
"42"	29	"Control"	"Abx"
"43"	2	"Control"	"No_Abx"
"44"	30	"T1D"	"No_Abx"
"45"	30	"Control"	"No_Abx"
"46"	31	"T1D"	"Abx"
"47"	31	"Control"	"Abx"
"48"	32	"T1D"	"Abx"
"49"	32	"Control"	"Abx"
"50"	33	"T1D"	"Abx"
"51"	33	"Control"	"Abx"
"52"	34	"T1D"	"Abx"
"53"	34	"Control"	"Abx"
"54"	35	"T1D"	"Abx"
"55"	35	"Control"	"Abx"
"56"	36	"T1D"	"No_Abx"
"57"	36	"Control"	"Abx"
"58"	37	"T1D"	"No_Abx"
"59"	37	"Control"	"Abx"
"60"	38	"T1D"	"Abx"
"61"	38	"Control"	"Abx"
"62"	39	"T1D"	"Abx"
"63"	39	"Control"	"No_Abx"
"64"	3	"T1D"	"No_Abx"
"65"	3	"Control"	"Abx"
"66"	40	"T1D"	"Abx"
"67"	40	"Control"	"No_Abx"
"68"	41	"T1D"	"Abx"
"69"	41	"Control"	"No_Abx"
"70"	42	"T1D"	"Abx"
"71"	42	"Control"	"No_Abx"
"72"	43	"T1D"	"Abx"
"73"	44	"T1D"	"Abx"
"74"	45	"T1D"	"Abx"
"75"	46	"T1D"	"No_Abx"
"76"	47	"T1D"	"Abx"
"77"	48	"T1D"	"Abx"
"78"	49	"T1D"	"Abx"
"79"	4	"Control"	"No_Abx"
"80"	50	"T1D"	"No_Abx"
"81"	51	"T1D"	"Abx"
"82"	52	"T1D"	"No_Abx"
"83"	53	"T1D"	"No_Abx"
"84"	54	"T1D"	"Abx"
"85"	5	"Control"	"Abx"
"86"	6	"Control"	"No_Abx"
"87"	7	"T1D"	"Abx"
"88"	7	"Control"	"Abx"
"89"	8	"T1D"	"Abx"
"90"	8	"Control"	"No_Abx"
"91"	9	"T1D"	"No_Abx"
"92"	9	"Control"	"No_Abx"
